api,batch_size,chunk_len,cuda_memory_peak_allocated_bytes_max,cuda_memory_peak_reserved_bytes_max,device,epochs,final_train_loss_mean,final_validation_loss_mean,k,memristor_count,n_batches,n_modes,n_photons,optimizer_steps_mean,process_calls_total_mean,rss_peak_delta_bytes_max,seconds_mean,timesteps,tracemalloc_peak_bytes_max,train_seconds_mean,trainable_parameter_count,val_batches,validation_seconds_mean
blackbox,8,4,19657216,25165824,cuda,3,1.0077963527292013,1.0073804203420877,4,2,4,8,3,12,864,9609216,48.83590597900002,32,219057,43.75476038799934,1089,2,5.078523886997573
manual,8,4,19068928,23068672,cuda,3,1.007796353660524,1.0073804124258459,4,2,4,8,3,12,576,372736,32.20614650300013,32,166920,27.182621342999482,1089,2,5.021952759001579
reservoir,8,4,19065856,23068672,cuda,3,1.0077966703101993,1.0073802713304758,4,2,4,8,3,12,576,640667648,31.944536031000098,32,185920,26.97796324599949,1089,2,4.964925762998973
blackbox,8,8,21252608,27262976,cuda,3,1.0077961776405573,1.0073809844907373,8,2,4,8,3,12,912,24580096,55.02123374099938,32,362787,49.81191716899957,1089,2,5.2072029519986245
manual,8,8,19869696,25165824,cuda,3,1.0077961795032024,1.0073809875175357,8,2,4,8,3,12,576,389120,32.50214449699888,32,238352,27.43350545499925,1089,2,5.067092250999849
reservoir,8,8,19862528,25165824,cuda,3,1.0077966824173927,1.0073802915867418,8,2,4,8,3,12,576,5345280,32.540861379999114,32,236971,27.469594320000397,1089,2,5.069639721001295
blackbox,8,16,24443392,29360128,cuda,3,1.007795788347721,1.0073812920600176,16,2,4,8,3,12,936,55681024,58.93189144399912,32,641782,53.608316153002306,1089,2,5.314643665000403
manual,8,16,21471232,27262976,cuda,3,1.0077958032488823,1.0073813155759126,16,2,4,8,3,12,576,536576,33.18539436900028,32,380783,27.854059917002814,1089,2,5.329488712000966
reservoir,8,16,21455872,27262976,cuda,3,1.0077967122197151,1.0073803290724754,16,2,4,8,3,12,576,5033984,32.77835436100031,32,381388,27.65439889499976,1089,2,5.1221088339971175
