api,config,cuda_memory_end_allocated_bytes,cuda_memory_end_reserved_bytes,cuda_memory_peak_allocated_bytes,cuda_memory_peak_reserved_bytes,cuda_memory_start_allocated_bytes,cuda_memory_start_reserved_bytes,final_train_loss,final_validation_loss,layer_output_calls,optimizer_steps,process_calls_total,rss_end_bytes,rss_end_delta_bytes,rss_peak_bytes,rss_peak_delta_bytes,rss_start_bytes,seconds,tracemalloc_peak_bytes,train_epoch_losses,train_seconds,trainable_parameter_count,validation_epoch_losses,validation_seconds
reservoir,"{'n_modes': 8, 'n_photons': 3, 'input_size': 2, 'memristor_count': 2, 'entangling_layers': 2, 'batch_size': 8, 'timesteps': 32, 'n_batches': 4, 'val_batches': 2, 'epochs': 3, 'k': 4, 'chunk_len': 4, 'hidden_size': 8, 'learning_rate': 0.01, 'seed': 9876, 'device': 'cuda'}",18220544,23068672,19065856,23068672,8588288,23068672,1.0077966703101993,1.0073802713304758,576,12,576,1631698944,640688128,1631678464,640667648,991010816,31.944536031000098,185920,"[1.018424877896905, 1.0106654558330774, 1.0077966703101993]",26.97796324599949,1089,"[1.0083087855018675, 1.0081569817848504, 1.0073802713304758]",4.964925762998973
manual,"{'n_modes': 8, 'n_photons': 3, 'input_size': 2, 'memristor_count': 2, 'entangling_layers': 2, 'batch_size': 8, 'timesteps': 32, 'n_batches': 4, 'val_batches': 2, 'epochs': 3, 'k': 4, 'chunk_len': 4, 'hidden_size': 8, 'learning_rate': 0.01, 'seed': 9876, 'device': 'cuda'}",18220544,23068672,19068928,23068672,18156544,23068672,1.007796353660524,1.0073804124258459,576,12,576,1632694272,376832,1632690176,372736,1632317440,32.20614650300013,166920,"[1.018424715846777, 1.010664333589375, 1.007796353660524]",27.182621342999482,1089,"[1.008308317977935, 1.008156232535839, 1.0073804124258459]",5.021952759001579
blackbox,"{'n_modes': 8, 'n_photons': 3, 'input_size': 2, 'memristor_count': 2, 'entangling_layers': 2, 'batch_size': 8, 'timesteps': 32, 'n_batches': 4, 'val_batches': 2, 'epochs': 3, 'k': 4, 'chunk_len': 4, 'hidden_size': 8, 'learning_rate': 0.01, 'seed': 9876, 'device': 'cuda'}",18235904,25165824,19657216,25165824,18156544,23068672,1.0077963527292013,1.0073804203420877,864,12,864,1642336256,9613312,1642332160,9609216,1632722944,48.83590597900002,219057,"[1.018424715846777, 1.0106643121689558, 1.0077963527292013]",43.75476038799934,1089,"[1.0083083109930158, 1.0081562385894358, 1.0073804203420877]",5.078523886997573
reservoir,"{'n_modes': 8, 'n_photons': 3, 'input_size': 2, 'memristor_count': 2, 'entangling_layers': 2, 'batch_size': 8, 'timesteps': 32, 'n_batches': 4, 'val_batches': 2, 'epochs': 3, 'k': 8, 'chunk_len': 8, 'hidden_size': 8, 'learning_rate': 0.01, 'seed': 9876, 'device': 'cuda'}",18220544,25165824,19862528,25165824,18156544,25165824,1.0077966824173927,1.0073802915867418,576,12,576,1647697920,5349376,1647693824,5345280,1642348544,32.540861379999114,236971,"[1.018424866721034, 1.0106654595583677, 1.0077966824173927]",27.469594320000397,1089,"[1.008308784570545, 1.0081569720059633, 1.0073802915867418]",5.069639721001295
manual,"{'n_modes': 8, 'n_photons': 3, 'input_size': 2, 'memristor_count': 2, 'entangling_layers': 2, 'batch_size': 8, 'timesteps': 32, 'n_batches': 4, 'val_batches': 2, 'epochs': 3, 'k': 8, 'chunk_len': 8, 'hidden_size': 8, 'learning_rate': 0.01, 'seed': 9876, 'device': 'cuda'}",18220544,25165824,19869696,25165824,18156544,25165824,1.0077961795032024,1.0073809875175357,576,12,576,1648095232,393216,1648091136,389120,1647702016,32.50214449699888,238352,"[1.0184244494885206, 1.0106624700129032, 1.0077961795032024]",27.43350545499925,1089,"[1.0083076511509717, 1.0081552569754422, 1.0073809875175357]",5.067092250999849
blackbox,"{'n_modes': 8, 'n_photons': 3, 'input_size': 2, 'memristor_count': 2, 'entangling_layers': 2, 'batch_size': 8, 'timesteps': 32, 'n_batches': 4, 'val_batches': 2, 'epochs': 3, 'k': 8, 'chunk_len': 8, 'hidden_size': 8, 'learning_rate': 0.01, 'seed': 9876, 'device': 'cuda'}",18256384,27262976,21252608,27262976,18156544,25165824,1.0077961776405573,1.0073809844907373,912,12,912,1672679424,24584192,1672675328,24580096,1648095232,55.02123374099938,362787,"[1.0184244476258755, 1.0106624737381935, 1.0077961776405573]",49.81191716899957,1089,"[1.0083076464943588, 1.0081552555784583, 1.0073809844907373]",5.2072029519986245
reservoir,"{'n_modes': 8, 'n_photons': 3, 'input_size': 2, 'memristor_count': 2, 'entangling_layers': 2, 'batch_size': 8, 'timesteps': 32, 'n_batches': 4, 'val_batches': 2, 'epochs': 3, 'k': 16, 'chunk_len': 16, 'hidden_size': 8, 'learning_rate': 0.01, 'seed': 9876, 'device': 'cuda'}",18220544,27262976,21455872,27262976,18156544,27262976,1.0077967122197151,1.0073803290724754,576,12,576,1677717504,5033984,1677717504,5033984,1672683520,32.77835436100031,381388,"[1.0184248760342598, 1.0106654837727547, 1.0077967122197151]",27.65439889499976,1089,"[1.0083088022656739, 1.008157016709447, 1.0073803290724754]",5.1221088339971175
manual,"{'n_modes': 8, 'n_photons': 3, 'input_size': 2, 'memristor_count': 2, 'entangling_layers': 2, 'batch_size': 8, 'timesteps': 32, 'n_batches': 4, 'val_batches': 2, 'epochs': 3, 'k': 16, 'chunk_len': 16, 'hidden_size': 8, 'learning_rate': 0.01, 'seed': 9876, 'device': 'cuda'}",18220544,27262976,21471232,27262976,18156544,27262976,1.0077958032488823,1.0073813155759126,576,12,576,1678258176,540672,1678254080,536576,1677717504,33.18539436900028,380783,"[1.0184241011738777, 1.0106594190001488, 1.0077958032488823]",27.854059917002814,1089,"[1.0083068306557834, 1.0081538152880967, 1.0073813155759126]",5.329488712000966
blackbox,"{'n_modes': 8, 'n_photons': 3, 'input_size': 2, 'memristor_count': 2, 'entangling_layers': 2, 'batch_size': 8, 'timesteps': 32, 'n_batches': 4, 'val_batches': 2, 'epochs': 3, 'k': 16, 'chunk_len': 16, 'hidden_size': 8, 'learning_rate': 0.01, 'seed': 9876, 'device': 'cuda'}",18297344,29360128,24443392,29360128,18156544,27262976,1.007795788347721,1.0073812920600176,936,12,936,1733943296,55681024,1733943296,55681024,1678262272,58.93189144399912,641782,"[1.0184241086244583, 1.0106594040989876, 1.007795788347721]",53.608316153002306,1089,"[1.0083068208768964, 1.0081538115628064, 1.0073812920600176]",5.314643665000403
