api,config,cuda_memory_end_allocated_bytes,cuda_memory_end_reserved_bytes,cuda_memory_peak_allocated_bytes,cuda_memory_peak_reserved_bytes,cuda_memory_start_allocated_bytes,cuda_memory_start_reserved_bytes,history_lengths,input_grad_norm_sum,input_grad_norms,layer_output_calls,output_checksum,process_calls,process_calls_total,retained_gradient_outputs,rss_end_bytes,rss_end_delta_bytes,rss_peak_bytes,rss_peak_delta_bytes,rss_start_bytes,seconds,tracemalloc_peak_bytes
blackbox,"{'n_modes': 8, 'n_photons': 3, 'input_size': 2, 'memristor_count': 2, 'entangling_layers': 2, 'batch_size': 16, 'timesteps': 64, 'k': 2, 'chunk_len': 2, 'seed': 1234, 'device': 'cuda'}",17560064,23068672,18327552,23068672,17115648,23068672,"[65, 65]",0.0,"[0.0, 0.0, 0.0, 0.0, 0.0, 0.0, 0.0, 0.0, 0.0, 0.0, 0.0, 0.0, 0.0, 0.0, 0.0, 0.0, 0.0, 0.0, 0.0, 0.0, 0.0, 0.0, 0.0, 0.0, 0.0, 0.0, 0.0, 0.0, 0.0, 0.0, 0.0, 0.0, 0.0, 0.0, 0.0, 0.0, 0.0, 0.0, 0.0, 0.0, 0.0, 0.0, 0.0, 0.0, 0.0, 0.0, 0.0, 0.0, 0.0, 0.0, 0.0, 0.0, 0.0, 0.0, 0.0, 0.0, 0.0, 0.0, 0.0, 0.0, 0.0, 0.0, 0.0, 0.0]",96,1024.0047130584717,"{'compute': 96, 'compute_superposition_state': 0, 'compute_ebs_simultaneously': 0}",96,0,1316741120,0,1316741120,0,1316741120,5.702908433999255,129289
manual,"{'n_modes': 8, 'n_photons': 3, 'input_size': 2, 'memristor_count': 2, 'entangling_layers': 2, 'batch_size': 16, 'timesteps': 64, 'k': 2, 'chunk_len': 2, 'seed': 1234, 'device': 'cuda'}",17246208,23068672,18004992,23068672,17115648,23068672,"[65, 65]",0.0,"[0.0, 0.0, 0.0, 0.0, 0.0, 0.0, 0.0, 0.0, 0.0, 0.0, 0.0, 0.0, 0.0, 0.0, 0.0, 0.0, 0.0, 0.0, 0.0, 0.0, 0.0, 0.0, 0.0, 0.0, 0.0, 0.0, 0.0, 0.0, 0.0, 0.0, 0.0, 0.0, 0.0, 0.0, 0.0, 0.0, 0.0, 0.0, 0.0, 0.0, 0.0, 0.0, 0.0, 0.0, 0.0, 0.0, 0.0, 0.0, 0.0, 0.0, 0.0, 0.0, 0.0, 0.0, 0.0, 0.0, 0.0, 0.0, 0.0, 0.0, 0.0, 0.0, 0.0, 0.0]",64,1024.004711151123,"{'compute': 64, 'compute_superposition_state': 0, 'compute_ebs_simultaneously': 0}",64,0,1316753408,12288,1316753408,12288,1316741120,4.679745531999288,107937
blackbox,"{'n_modes': 8, 'n_photons': 3, 'input_size': 2, 'memristor_count': 2, 'entangling_layers': 2, 'batch_size': 16, 'timesteps': 64, 'k': 2, 'chunk_len': 2, 'seed': 1235, 'device': 'cuda'}",17560064,23068672,18327552,23068672,17115648,23068672,"[65, 65]",0.0,"[0.0, 0.0, 0.0, 0.0, 0.0, 0.0, 0.0, 0.0, 0.0, 0.0, 0.0, 0.0, 0.0, 0.0, 0.0, 0.0, 0.0, 0.0, 0.0, 0.0, 0.0, 0.0, 0.0, 0.0, 0.0, 0.0, 0.0, 0.0, 0.0, 0.0, 0.0, 0.0, 0.0, 0.0, 0.0, 0.0, 0.0, 0.0, 0.0, 0.0, 0.0, 0.0, 0.0, 0.0, 0.0, 0.0, 0.0, 0.0, 0.0, 0.0, 0.0, 0.0, 0.0, 0.0, 0.0, 0.0, 0.0, 0.0, 0.0, 0.0, 0.0, 0.0, 0.0, 0.0]",96,1024.0049858093262,"{'compute': 96, 'compute_superposition_state': 0, 'compute_ebs_simultaneously': 0}",96,0,1316757504,0,1316757504,0,1316757504,5.8036488190000455,124110
manual,"{'n_modes': 8, 'n_photons': 3, 'input_size': 2, 'memristor_count': 2, 'entangling_layers': 2, 'batch_size': 16, 'timesteps': 64, 'k': 2, 'chunk_len': 2, 'seed': 1235, 'device': 'cuda'}",17246208,23068672,18004992,23068672,17115648,23068672,"[65, 65]",0.0,"[0.0, 0.0, 0.0, 0.0, 0.0, 0.0, 0.0, 0.0, 0.0, 0.0, 0.0, 0.0, 0.0, 0.0, 0.0, 0.0, 0.0, 0.0, 0.0, 0.0, 0.0, 0.0, 0.0, 0.0, 0.0, 0.0, 0.0, 0.0, 0.0, 0.0, 0.0, 0.0, 0.0, 0.0, 0.0, 0.0, 0.0, 0.0, 0.0, 0.0, 0.0, 0.0, 0.0, 0.0, 0.0, 0.0, 0.0, 0.0, 0.0, 0.0, 0.0, 0.0, 0.0, 0.0, 0.0, 0.0, 0.0, 0.0, 0.0, 0.0, 0.0, 0.0, 0.0, 0.0]",64,1024.0049877166748,"{'compute': 64, 'compute_superposition_state': 0, 'compute_ebs_simultaneously': 0}",64,0,1316757504,0,1316757504,0,1316757504,4.782324513000276,107563
blackbox,"{'n_modes': 8, 'n_photons': 3, 'input_size': 2, 'memristor_count': 2, 'entangling_layers': 2, 'batch_size': 16, 'timesteps': 64, 'k': 2, 'chunk_len': 2, 'seed': 1236, 'device': 'cuda'}",17560064,23068672,18327552,23068672,17115648,23068672,"[65, 65]",0.0,"[0.0, 0.0, 0.0, 0.0, 0.0, 0.0, 0.0, 0.0, 0.0, 0.0, 0.0, 0.0, 0.0, 0.0, 0.0, 0.0, 0.0, 0.0, 0.0, 0.0, 0.0, 0.0, 0.0, 0.0, 0.0, 0.0, 0.0, 0.0, 0.0, 0.0, 0.0, 0.0, 0.0, 0.0, 0.0, 0.0, 0.0, 0.0, 0.0, 0.0, 0.0, 0.0, 0.0, 0.0, 0.0, 0.0, 0.0, 0.0, 0.0, 0.0, 0.0, 0.0, 0.0, 0.0, 0.0, 0.0, 0.0, 0.0, 0.0, 0.0, 0.0, 0.0, 0.0, 0.0]",96,1024.004846572876,"{'compute': 96, 'compute_superposition_state': 0, 'compute_ebs_simultaneously': 0}",96,0,1316761600,4096,1316761600,4096,1316757504,5.816439666000406,125304
manual,"{'n_modes': 8, 'n_photons': 3, 'input_size': 2, 'memristor_count': 2, 'entangling_layers': 2, 'batch_size': 16, 'timesteps': 64, 'k': 2, 'chunk_len': 2, 'seed': 1236, 'device': 'cuda'}",17246208,23068672,18004992,23068672,17115648,23068672,"[65, 65]",0.0,"[0.0, 0.0, 0.0, 0.0, 0.0, 0.0, 0.0, 0.0, 0.0, 0.0, 0.0, 0.0, 0.0, 0.0, 0.0, 0.0, 0.0, 0.0, 0.0, 0.0, 0.0, 0.0, 0.0, 0.0, 0.0, 0.0, 0.0, 0.0, 0.0, 0.0, 0.0, 0.0, 0.0, 0.0, 0.0, 0.0, 0.0, 0.0, 0.0, 0.0, 0.0, 0.0, 0.0, 0.0, 0.0, 0.0, 0.0, 0.0, 0.0, 0.0, 0.0, 0.0, 0.0, 0.0, 0.0, 0.0, 0.0, 0.0, 0.0, 0.0, 0.0, 0.0, 0.0, 0.0]",64,1024.0048484802246,"{'compute': 64, 'compute_superposition_state': 0, 'compute_ebs_simultaneously': 0}",64,0,1316761600,0,1316761600,0,1316761600,4.725949013999525,109701
blackbox,"{'n_modes': 8, 'n_photons': 3, 'input_size': 2, 'memristor_count': 2, 'entangling_layers': 2, 'batch_size': 16, 'timesteps': 64, 'k': 4, 'chunk_len': 4, 'seed': 1234, 'device': 'cuda'}",17560064,25165824,19670016,25165824,17115648,25165824,"[65, 65]",0.0,"[0.0, 0.0, 0.0, 0.0, 0.0, 0.0, 0.0, 0.0, 0.0, 0.0, 0.0, 0.0, 0.0, 0.0, 0.0, 0.0, 0.0, 0.0, 0.0, 0.0, 0.0, 0.0, 0.0, 0.0, 0.0, 0.0, 0.0, 0.0, 0.0, 0.0, 0.0, 0.0, 0.0, 0.0, 0.0, 0.0, 0.0, 0.0, 0.0, 0.0, 0.0, 0.0, 0.0, 0.0, 0.0, 0.0, 0.0, 0.0, 0.0, 0.0, 0.0, 0.0, 0.0, 0.0, 0.0, 0.0, 0.0, 0.0, 0.0, 0.0, 0.0, 0.0, 0.0, 0.0]",112,1024.0047130584717,"{'compute': 112, 'compute_superposition_state': 0, 'compute_ebs_simultaneously': 0}",112,0,1332551680,102400,1332551680,102400,1332449280,7.712006705000022,198780
manual,"{'n_modes': 8, 'n_photons': 3, 'input_size': 2, 'memristor_count': 2, 'entangling_layers': 2, 'batch_size': 16, 'timesteps': 64, 'k': 4, 'chunk_len': 4, 'seed': 1234, 'device': 'cuda'}",17246208,25165824,18671616,25165824,17115648,25165824,"[65, 65]",0.0,"[0.0, 0.0, 0.0, 0.0, 0.0, 0.0, 0.0, 0.0, 0.0, 0.0, 0.0, 0.0, 0.0, 0.0, 0.0, 0.0, 0.0, 0.0, 0.0, 0.0, 0.0, 0.0, 0.0, 0.0, 0.0, 0.0, 0.0, 0.0, 0.0, 0.0, 0.0, 0.0, 0.0, 0.0, 0.0, 0.0, 0.0, 0.0, 0.0, 0.0, 0.0, 0.0, 0.0, 0.0, 0.0, 0.0, 0.0, 0.0, 0.0, 0.0, 0.0, 0.0, 0.0, 0.0, 0.0, 0.0, 0.0, 0.0, 0.0, 0.0, 0.0, 0.0, 0.0, 0.0]",64,1024.0047149658203,"{'compute': 64, 'compute_superposition_state': 0, 'compute_ebs_simultaneously': 0}",64,0,1332551680,0,1332551680,0,1332551680,4.793512788000044,144473
blackbox,"{'n_modes': 8, 'n_photons': 3, 'input_size': 2, 'memristor_count': 2, 'entangling_layers': 2, 'batch_size': 16, 'timesteps': 64, 'k': 4, 'chunk_len': 4, 'seed': 1235, 'device': 'cuda'}",17560064,25165824,19670016,25165824,17115648,25165824,"[65, 65]",0.0,"[0.0, 0.0, 0.0, 0.0, 0.0, 0.0, 0.0, 0.0, 0.0, 0.0, 0.0, 0.0, 0.0, 0.0, 0.0, 0.0, 0.0, 0.0, 0.0, 0.0, 0.0, 0.0, 0.0, 0.0, 0.0, 0.0, 0.0, 0.0, 0.0, 0.0, 0.0, 0.0, 0.0, 0.0, 0.0, 0.0, 0.0, 0.0, 0.0, 0.0, 0.0, 0.0, 0.0, 0.0, 0.0, 0.0, 0.0, 0.0, 0.0, 0.0, 0.0, 0.0, 0.0, 0.0, 0.0, 0.0, 0.0, 0.0, 0.0, 0.0, 0.0, 0.0, 0.0, 0.0]",112,1024.0049858093262,"{'compute': 112, 'compute_superposition_state': 0, 'compute_ebs_simultaneously': 0}",112,0,1332576256,24576,1332576256,24576,1332551680,7.6256006550001985,197148
manual,"{'n_modes': 8, 'n_photons': 3, 'input_size': 2, 'memristor_count': 2, 'entangling_layers': 2, 'batch_size': 16, 'timesteps': 64, 'k': 4, 'chunk_len': 4, 'seed': 1235, 'device': 'cuda'}",17246208,25165824,18671616,25165824,17115648,25165824,"[65, 65]",0.0,"[0.0, 0.0, 0.0, 0.0, 0.0, 0.0, 0.0, 0.0, 0.0, 0.0, 0.0, 0.0, 0.0, 0.0, 0.0, 0.0, 0.0, 0.0, 0.0, 0.0, 0.0, 0.0, 0.0, 0.0, 0.0, 0.0, 0.0, 0.0, 0.0, 0.0, 0.0, 0.0, 0.0, 0.0, 0.0, 0.0, 0.0, 0.0, 0.0, 0.0, 0.0, 0.0, 0.0, 0.0, 0.0, 0.0, 0.0, 0.0, 0.0, 0.0, 0.0, 0.0, 0.0, 0.0, 0.0, 0.0, 0.0, 0.0, 0.0, 0.0, 0.0, 0.0, 0.0, 0.0]",64,1024.0049877166748,"{'compute': 64, 'compute_superposition_state': 0, 'compute_ebs_simultaneously': 0}",64,0,1332576256,0,1332576256,0,1332576256,4.684799206999742,144112
blackbox,"{'n_modes': 8, 'n_photons': 3, 'input_size': 2, 'memristor_count': 2, 'entangling_layers': 2, 'batch_size': 16, 'timesteps': 64, 'k': 4, 'chunk_len': 4, 'seed': 1236, 'device': 'cuda'}",17560064,25165824,19670016,25165824,17115648,25165824,"[65, 65]",0.0,"[0.0, 0.0, 0.0, 0.0, 0.0, 0.0, 0.0, 0.0, 0.0, 0.0, 0.0, 0.0, 0.0, 0.0, 0.0, 0.0, 0.0, 0.0, 0.0, 0.0, 0.0, 0.0, 0.0, 0.0, 0.0, 0.0, 0.0, 0.0, 0.0, 0.0, 0.0, 0.0, 0.0, 0.0, 0.0, 0.0, 0.0, 0.0, 0.0, 0.0, 0.0, 0.0, 0.0, 0.0, 0.0, 0.0, 0.0, 0.0, 0.0, 0.0, 0.0, 0.0, 0.0, 0.0, 0.0, 0.0, 0.0, 0.0, 0.0, 0.0, 0.0, 0.0, 0.0, 0.0]",112,1024.0048446655273,"{'compute': 112, 'compute_superposition_state': 0, 'compute_ebs_simultaneously': 0}",112,0,1332621312,40960,1332621312,40960,1332580352,7.651433787999849,201256
manual,"{'n_modes': 8, 'n_photons': 3, 'input_size': 2, 'memristor_count': 2, 'entangling_layers': 2, 'batch_size': 16, 'timesteps': 64, 'k': 4, 'chunk_len': 4, 'seed': 1236, 'device': 'cuda'}",17246208,25165824,18671616,25165824,17115648,25165824,"[65, 65]",0.0,"[0.0, 0.0, 0.0, 0.0, 0.0, 0.0, 0.0, 0.0, 0.0, 0.0, 0.0, 0.0, 0.0, 0.0, 0.0, 0.0, 0.0, 0.0, 0.0, 0.0, 0.0, 0.0, 0.0, 0.0, 0.0, 0.0, 0.0, 0.0, 0.0, 0.0, 0.0, 0.0, 0.0, 0.0, 0.0, 0.0, 0.0, 0.0, 0.0, 0.0, 0.0, 0.0, 0.0, 0.0, 0.0, 0.0, 0.0, 0.0, 0.0, 0.0, 0.0, 0.0, 0.0, 0.0, 0.0, 0.0, 0.0, 0.0, 0.0, 0.0, 0.0, 0.0, 0.0, 0.0]",64,1024.004846572876,"{'compute': 64, 'compute_superposition_state': 0, 'compute_ebs_simultaneously': 0}",64,0,1332621312,0,1332621312,0,1332621312,4.733552117999352,143767
blackbox,"{'n_modes': 8, 'n_photons': 3, 'input_size': 2, 'memristor_count': 2, 'entangling_layers': 2, 'batch_size': 16, 'timesteps': 64, 'k': 8, 'chunk_len': 8, 'seed': 1234, 'device': 'cuda'}",17560064,27262976,22354944,27262976,17115648,27262976,"[65, 65]",0.0,"[0.0, 0.0, 0.0, 0.0, 0.0, 0.0, 0.0, 0.0, 0.0, 0.0, 0.0, 0.0, 0.0, 0.0, 0.0, 0.0, 0.0, 0.0, 0.0, 0.0, 0.0, 0.0, 0.0, 0.0, 0.0, 0.0, 0.0, 0.0, 0.0, 0.0, 0.0, 0.0, 0.0, 0.0, 0.0, 0.0, 0.0, 0.0, 0.0, 0.0, 0.0, 0.0, 0.0, 0.0, 0.0, 0.0, 0.0, 0.0, 0.0, 0.0, 0.0, 0.0, 0.0, 0.0, 0.0, 0.0, 0.0, 0.0, 0.0, 0.0, 0.0, 0.0, 0.0, 0.0]",120,1024.004716873169,"{'compute': 120, 'compute_superposition_state': 0, 'compute_ebs_simultaneously': 0}",120,0,1363435520,196608,1363435520,196608,1363238912,8.568027348999749,343378
manual,"{'n_modes': 8, 'n_photons': 3, 'input_size': 2, 'memristor_count': 2, 'entangling_layers': 2, 'batch_size': 16, 'timesteps': 64, 'k': 8, 'chunk_len': 8, 'seed': 1234, 'device': 'cuda'}",17246208,27262976,20004864,27262976,17115648,27262976,"[65, 65]",0.0,"[0.0, 0.0, 0.0, 0.0, 0.0, 0.0, 0.0, 0.0, 0.0, 0.0, 0.0, 0.0, 0.0, 0.0, 0.0, 0.0, 0.0, 0.0, 0.0, 0.0, 0.0, 0.0, 0.0, 0.0, 0.0, 0.0, 0.0, 0.0, 0.0, 0.0, 0.0, 0.0, 0.0, 0.0, 0.0, 0.0, 0.0, 0.0, 0.0, 0.0, 0.0, 0.0, 0.0, 0.0, 0.0, 0.0, 0.0, 0.0, 0.0, 0.0, 0.0, 0.0, 0.0, 0.0, 0.0, 0.0, 0.0, 0.0, 0.0, 0.0, 0.0, 0.0, 0.0, 0.0]",64,1024.0047130584717,"{'compute': 64, 'compute_superposition_state': 0, 'compute_ebs_simultaneously': 0}",64,0,1363435520,0,1363435520,0,1363435520,4.702547498999593,218899
blackbox,"{'n_modes': 8, 'n_photons': 3, 'input_size': 2, 'memristor_count': 2, 'entangling_layers': 2, 'batch_size': 16, 'timesteps': 64, 'k': 8, 'chunk_len': 8, 'seed': 1235, 'device': 'cuda'}",17560064,27262976,22354944,27262976,17115648,27262976,"[65, 65]",0.0,"[0.0, 0.0, 0.0, 0.0, 0.0, 0.0, 0.0, 0.0, 0.0, 0.0, 0.0, 0.0, 0.0, 0.0, 0.0, 0.0, 0.0, 0.0, 0.0, 0.0, 0.0, 0.0, 0.0, 0.0, 0.0, 0.0, 0.0, 0.0, 0.0, 0.0, 0.0, 0.0, 0.0, 0.0, 0.0, 0.0, 0.0, 0.0, 0.0, 0.0, 0.0, 0.0, 0.0, 0.0, 0.0, 0.0, 0.0, 0.0, 0.0, 0.0, 0.0, 0.0, 0.0, 0.0, 0.0, 0.0, 0.0, 0.0, 0.0, 0.0, 0.0, 0.0, 0.0, 0.0]",120,1024.0049839019775,"{'compute': 120, 'compute_superposition_state': 0, 'compute_ebs_simultaneously': 0}",120,0,1363480576,45056,1363480576,45056,1363435520,8.514241955000216,340479
manual,"{'n_modes': 8, 'n_photons': 3, 'input_size': 2, 'memristor_count': 2, 'entangling_layers': 2, 'batch_size': 16, 'timesteps': 64, 'k': 8, 'chunk_len': 8, 'seed': 1235, 'device': 'cuda'}",17246208,27262976,20004864,27262976,17115648,27262976,"[65, 65]",0.0,"[0.0, 0.0, 0.0, 0.0, 0.0, 0.0, 0.0, 0.0, 0.0, 0.0, 0.0, 0.0, 0.0, 0.0, 0.0, 0.0, 0.0, 0.0, 0.0, 0.0, 0.0, 0.0, 0.0, 0.0, 0.0, 0.0, 0.0, 0.0, 0.0, 0.0, 0.0, 0.0, 0.0, 0.0, 0.0, 0.0, 0.0, 0.0, 0.0, 0.0, 0.0, 0.0, 0.0, 0.0, 0.0, 0.0, 0.0, 0.0, 0.0, 0.0, 0.0, 0.0, 0.0, 0.0, 0.0, 0.0, 0.0, 0.0, 0.0, 0.0, 0.0, 0.0, 0.0, 0.0]",64,1024.0049839019775,"{'compute': 64, 'compute_superposition_state': 0, 'compute_ebs_simultaneously': 0}",64,0,1363480576,0,1363480576,0,1363480576,4.6657483390008565,217615
blackbox,"{'n_modes': 8, 'n_photons': 3, 'input_size': 2, 'memristor_count': 2, 'entangling_layers': 2, 'batch_size': 16, 'timesteps': 64, 'k': 8, 'chunk_len': 8, 'seed': 1236, 'device': 'cuda'}",17560064,27262976,22354944,27262976,17115648,27262976,"[65, 65]",0.0,"[0.0, 0.0, 0.0, 0.0, 0.0, 0.0, 0.0, 0.0, 0.0, 0.0, 0.0, 0.0, 0.0, 0.0, 0.0, 0.0, 0.0, 0.0, 0.0, 0.0, 0.0, 0.0, 0.0, 0.0, 0.0, 0.0, 0.0, 0.0, 0.0, 0.0, 0.0, 0.0, 0.0, 0.0, 0.0, 0.0, 0.0, 0.0, 0.0, 0.0, 0.0, 0.0, 0.0, 0.0, 0.0, 0.0, 0.0, 0.0, 0.0, 0.0, 0.0, 0.0, 0.0, 0.0, 0.0, 0.0, 0.0, 0.0, 0.0, 0.0, 0.0, 0.0, 0.0, 0.0]",120,1024.0048446655273,"{'compute': 120, 'compute_superposition_state': 0, 'compute_ebs_simultaneously': 0}",120,0,1363480576,0,1363480576,0,1363480576,8.988561363000372,341751
manual,"{'n_modes': 8, 'n_photons': 3, 'input_size': 2, 'memristor_count': 2, 'entangling_layers': 2, 'batch_size': 16, 'timesteps': 64, 'k': 8, 'chunk_len': 8, 'seed': 1236, 'device': 'cuda'}",17246208,27262976,20004864,27262976,17115648,27262976,"[65, 65]",0.0,"[0.0, 0.0, 0.0, 0.0, 0.0, 0.0, 0.0, 0.0, 0.0, 0.0, 0.0, 0.0, 0.0, 0.0, 0.0, 0.0, 0.0, 0.0, 0.0, 0.0, 0.0, 0.0, 0.0, 0.0, 0.0, 0.0, 0.0, 0.0, 0.0, 0.0, 0.0, 0.0, 0.0, 0.0, 0.0, 0.0, 0.0, 0.0, 0.0, 0.0, 0.0, 0.0, 0.0, 0.0, 0.0, 0.0, 0.0, 0.0, 0.0, 0.0, 0.0, 0.0, 0.0, 0.0, 0.0, 0.0, 0.0, 0.0, 0.0, 0.0, 0.0, 0.0, 0.0, 0.0]",64,1024.004846572876,"{'compute': 64, 'compute_superposition_state': 0, 'compute_ebs_simultaneously': 0}",64,0,1363480576,0,1363480576,0,1363480576,4.810581126000216,217830
blackbox,"{'n_modes': 8, 'n_photons': 3, 'input_size': 2, 'memristor_count': 2, 'entangling_layers': 2, 'batch_size': 16, 'timesteps': 64, 'k': 16, 'chunk_len': 16, 'seed': 1234, 'device': 'cuda'}",17560064,33554432,27724800,33554432,17115648,33554432,"[65, 65]",0.0,"[0.0, 0.0, 0.0, 0.0, 0.0, 0.0, 0.0, 0.0, 0.0, 0.0, 0.0, 0.0, 0.0, 0.0, 0.0, 0.0, 0.0, 0.0, 0.0, 0.0, 0.0, 0.0, 0.0, 0.0, 0.0, 0.0, 0.0, 0.0, 0.0, 0.0, 0.0, 0.0, 0.0, 0.0, 0.0, 0.0, 0.0, 0.0, 0.0, 0.0, 0.0, 0.0, 0.0, 0.0, 0.0, 0.0, 0.0, 0.0, 0.0, 0.0, 0.0, 0.0, 0.0, 0.0, 0.0, 0.0, 0.0, 0.0, 0.0, 0.0, 0.0, 0.0, 0.0, 0.0]",124,1024.0047130584717,"{'compute': 124, 'compute_superposition_state': 0, 'compute_ebs_simultaneously': 0}",124,0,1425817600,106496,1425817600,106496,1425711104,9.029533041999457,630709
manual,"{'n_modes': 8, 'n_photons': 3, 'input_size': 2, 'memristor_count': 2, 'entangling_layers': 2, 'batch_size': 16, 'timesteps': 64, 'k': 16, 'chunk_len': 16, 'seed': 1234, 'device': 'cuda'}",17246208,33554432,22671360,33554432,17115648,33554432,"[65, 65]",0.0,"[0.0, 0.0, 0.0, 0.0, 0.0, 0.0, 0.0, 0.0, 0.0, 0.0, 0.0, 0.0, 0.0, 0.0, 0.0, 0.0, 0.0, 0.0, 0.0, 0.0, 0.0, 0.0, 0.0, 0.0, 0.0, 0.0, 0.0, 0.0, 0.0, 0.0, 0.0, 0.0, 0.0, 0.0, 0.0, 0.0, 0.0, 0.0, 0.0, 0.0, 0.0, 0.0, 0.0, 0.0, 0.0, 0.0, 0.0, 0.0, 0.0, 0.0, 0.0, 0.0, 0.0, 0.0, 0.0, 0.0, 0.0, 0.0, 0.0, 0.0, 0.0, 0.0, 0.0, 0.0]",64,1024.0047130584717,"{'compute': 64, 'compute_superposition_state': 0, 'compute_ebs_simultaneously': 0}",64,0,1425817600,0,1425817600,0,1425817600,4.672269470000174,357716
blackbox,"{'n_modes': 8, 'n_photons': 3, 'input_size': 2, 'memristor_count': 2, 'entangling_layers': 2, 'batch_size': 16, 'timesteps': 64, 'k': 16, 'chunk_len': 16, 'seed': 1235, 'device': 'cuda'}",17560064,33554432,27724800,33554432,17115648,33554432,"[65, 65]",0.0,"[0.0, 0.0, 0.0, 0.0, 0.0, 0.0, 0.0, 0.0, 0.0, 0.0, 0.0, 0.0, 0.0, 0.0, 0.0, 0.0, 0.0, 0.0, 0.0, 0.0, 0.0, 0.0, 0.0, 0.0, 0.0, 0.0, 0.0, 0.0, 0.0, 0.0, 0.0, 0.0, 0.0, 0.0, 0.0, 0.0, 0.0, 0.0, 0.0, 0.0, 0.0, 0.0, 0.0, 0.0, 0.0, 0.0, 0.0, 0.0, 0.0, 0.0, 0.0, 0.0, 0.0, 0.0, 0.0, 0.0, 0.0, 0.0, 0.0, 0.0, 0.0, 0.0, 0.0, 0.0]",124,1024.0049839019775,"{'compute': 124, 'compute_superposition_state': 0, 'compute_ebs_simultaneously': 0}",124,0,1425821696,0,1425821696,0,1425821696,8.952299002000473,621688
manual,"{'n_modes': 8, 'n_photons': 3, 'input_size': 2, 'memristor_count': 2, 'entangling_layers': 2, 'batch_size': 16, 'timesteps': 64, 'k': 16, 'chunk_len': 16, 'seed': 1235, 'device': 'cuda'}",17246208,33554432,22671360,33554432,17115648,33554432,"[65, 65]",0.0,"[0.0, 0.0, 0.0, 0.0, 0.0, 0.0, 0.0, 0.0, 0.0, 0.0, 0.0, 0.0, 0.0, 0.0, 0.0, 0.0, 0.0, 0.0, 0.0, 0.0, 0.0, 0.0, 0.0, 0.0, 0.0, 0.0, 0.0, 0.0, 0.0, 0.0, 0.0, 0.0, 0.0, 0.0, 0.0, 0.0, 0.0, 0.0, 0.0, 0.0, 0.0, 0.0, 0.0, 0.0, 0.0, 0.0, 0.0, 0.0, 0.0, 0.0, 0.0, 0.0, 0.0, 0.0, 0.0, 0.0, 0.0, 0.0, 0.0, 0.0, 0.0, 0.0, 0.0, 0.0]",64,1024.0049839019775,"{'compute': 64, 'compute_superposition_state': 0, 'compute_ebs_simultaneously': 0}",64,0,1425821696,0,1425821696,0,1425821696,4.6902822550000565,355099
blackbox,"{'n_modes': 8, 'n_photons': 3, 'input_size': 2, 'memristor_count': 2, 'entangling_layers': 2, 'batch_size': 16, 'timesteps': 64, 'k': 16, 'chunk_len': 16, 'seed': 1236, 'device': 'cuda'}",17560064,33554432,27724800,33554432,17115648,33554432,"[65, 65]",0.0,"[0.0, 0.0, 0.0, 0.0, 0.0, 0.0, 0.0, 0.0, 0.0, 0.0, 0.0, 0.0, 0.0, 0.0, 0.0, 0.0, 0.0, 0.0, 0.0, 0.0, 0.0, 0.0, 0.0, 0.0, 0.0, 0.0, 0.0, 0.0, 0.0, 0.0, 0.0, 0.0, 0.0, 0.0, 0.0, 0.0, 0.0, 0.0, 0.0, 0.0, 0.0, 0.0, 0.0, 0.0, 0.0, 0.0, 0.0, 0.0, 0.0, 0.0, 0.0, 0.0, 0.0, 0.0, 0.0, 0.0, 0.0, 0.0, 0.0, 0.0, 0.0, 0.0, 0.0, 0.0]",124,1024.0048446655273,"{'compute': 124, 'compute_superposition_state': 0, 'compute_ebs_simultaneously': 0}",124,0,1425821696,0,1425821696,0,1425821696,9.013719515000048,621572
manual,"{'n_modes': 8, 'n_photons': 3, 'input_size': 2, 'memristor_count': 2, 'entangling_layers': 2, 'batch_size': 16, 'timesteps': 64, 'k': 16, 'chunk_len': 16, 'seed': 1236, 'device': 'cuda'}",17246208,33554432,22671360,33554432,17115648,33554432,"[65, 65]",0.0,"[0.0, 0.0, 0.0, 0.0, 0.0, 0.0, 0.0, 0.0, 0.0, 0.0, 0.0, 0.0, 0.0, 0.0, 0.0, 0.0, 0.0, 0.0, 0.0, 0.0, 0.0, 0.0, 0.0, 0.0, 0.0, 0.0, 0.0, 0.0, 0.0, 0.0, 0.0, 0.0, 0.0, 0.0, 0.0, 0.0, 0.0, 0.0, 0.0, 0.0, 0.0, 0.0, 0.0, 0.0, 0.0, 0.0, 0.0, 0.0, 0.0, 0.0, 0.0, 0.0, 0.0, 0.0, 0.0, 0.0, 0.0, 0.0, 0.0, 0.0, 0.0, 0.0, 0.0, 0.0]",64,1024.004846572876,"{'compute': 64, 'compute_superposition_state': 0, 'compute_ebs_simultaneously': 0}",64,0,1425821696,0,1425821696,0,1425821696,4.683736006999425,358738
blackbox,"{'n_modes': 8, 'n_photons': 3, 'input_size': 2, 'memristor_count': 2, 'entangling_layers': 2, 'batch_size': 16, 'timesteps': 64, 'k': 32, 'chunk_len': 32, 'seed': 1234, 'device': 'cuda'}",17560064,44040192,38464512,44040192,17115648,44040192,"[65, 65]",0.0,"[0.0, 0.0, 0.0, 0.0, 0.0, 0.0, 0.0, 0.0, 0.0, 0.0, 0.0, 0.0, 0.0, 0.0, 0.0, 0.0, 0.0, 0.0, 0.0, 0.0, 0.0, 0.0, 0.0, 0.0, 0.0, 0.0, 0.0, 0.0, 0.0, 0.0, 0.0, 0.0, 0.0, 0.0, 0.0, 0.0, 0.0, 0.0, 0.0, 0.0, 0.0, 0.0, 0.0, 0.0, 0.0, 0.0, 0.0, 0.0, 0.0, 0.0, 0.0, 0.0, 0.0, 0.0, 0.0, 0.0, 0.0, 0.0, 0.0, 0.0, 0.0, 0.0, 0.0, 0.0]",126,1024.0047130584717,"{'compute': 126, 'compute_superposition_state': 0, 'compute_ebs_simultaneously': 0}",126,0,1547804672,8159232,1547804672,8159232,1539645440,9.438612736999858,1190995
manual,"{'n_modes': 8, 'n_photons': 3, 'input_size': 2, 'memristor_count': 2, 'entangling_layers': 2, 'batch_size': 16, 'timesteps': 64, 'k': 32, 'chunk_len': 32, 'seed': 1234, 'device': 'cuda'}",17246208,44040192,28004352,44040192,17115648,44040192,"[65, 65]",0.0,"[0.0, 0.0, 0.0, 0.0, 0.0, 0.0, 0.0, 0.0, 0.0, 0.0, 0.0, 0.0, 0.0, 0.0, 0.0, 0.0, 0.0, 0.0, 0.0, 0.0, 0.0, 0.0, 0.0, 0.0, 0.0, 0.0, 0.0, 0.0, 0.0, 0.0, 0.0, 0.0, 0.0, 0.0, 0.0, 0.0, 0.0, 0.0, 0.0, 0.0, 0.0, 0.0, 0.0, 0.0, 0.0, 0.0, 0.0, 0.0, 0.0, 0.0, 0.0, 0.0, 0.0, 0.0, 0.0, 0.0, 0.0, 0.0, 0.0, 0.0, 0.0, 0.0, 0.0, 0.0]",64,1024.0047130584717,"{'compute': 64, 'compute_superposition_state': 0, 'compute_ebs_simultaneously': 0}",64,0,1547804672,0,1547804672,0,1547804672,4.676852166999197,637910
blackbox,"{'n_modes': 8, 'n_photons': 3, 'input_size': 2, 'memristor_count': 2, 'entangling_layers': 2, 'batch_size': 16, 'timesteps': 64, 'k': 32, 'chunk_len': 32, 'seed': 1235, 'device': 'cuda'}",17560064,44040192,38464512,44040192,17115648,44040192,"[65, 65]",0.0,"[0.0, 0.0, 0.0, 0.0, 0.0, 0.0, 0.0, 0.0, 0.0, 0.0, 0.0, 0.0, 0.0, 0.0, 0.0, 0.0, 0.0, 0.0, 0.0, 0.0, 0.0, 0.0, 0.0, 0.0, 0.0, 0.0, 0.0, 0.0, 0.0, 0.0, 0.0, 0.0, 0.0, 0.0, 0.0, 0.0, 0.0, 0.0, 0.0, 0.0, 0.0, 0.0, 0.0, 0.0, 0.0, 0.0, 0.0, 0.0, 0.0, 0.0, 0.0, 0.0, 0.0, 0.0, 0.0, 0.0, 0.0, 0.0, 0.0, 0.0, 0.0, 0.0, 0.0, 0.0]",126,1024.0049858093262,"{'compute': 126, 'compute_superposition_state': 0, 'compute_ebs_simultaneously': 0}",126,0,1549254656,1449984,1549254656,1449984,1547804672,9.309054069000013,1188432
manual,"{'n_modes': 8, 'n_photons': 3, 'input_size': 2, 'memristor_count': 2, 'entangling_layers': 2, 'batch_size': 16, 'timesteps': 64, 'k': 32, 'chunk_len': 32, 'seed': 1235, 'device': 'cuda'}",17246208,44040192,28004352,44040192,17115648,44040192,"[65, 65]",0.0,"[0.0, 0.0, 0.0, 0.0, 0.0, 0.0, 0.0, 0.0, 0.0, 0.0, 0.0, 0.0, 0.0, 0.0, 0.0, 0.0, 0.0, 0.0, 0.0, 0.0, 0.0, 0.0, 0.0, 0.0, 0.0, 0.0, 0.0, 0.0, 0.0, 0.0, 0.0, 0.0, 0.0, 0.0, 0.0, 0.0, 0.0, 0.0, 0.0, 0.0, 0.0, 0.0, 0.0, 0.0, 0.0, 0.0, 0.0, 0.0, 0.0, 0.0, 0.0, 0.0, 0.0, 0.0, 0.0, 0.0, 0.0, 0.0, 0.0, 0.0, 0.0, 0.0, 0.0, 0.0]",64,1024.0049858093262,"{'compute': 64, 'compute_superposition_state': 0, 'compute_ebs_simultaneously': 0}",64,0,1549254656,0,1549254656,0,1549254656,4.794770929000151,639822
blackbox,"{'n_modes': 8, 'n_photons': 3, 'input_size': 2, 'memristor_count': 2, 'entangling_layers': 2, 'batch_size': 16, 'timesteps': 64, 'k': 32, 'chunk_len': 32, 'seed': 1236, 'device': 'cuda'}",17560064,44040192,38464512,44040192,17115648,44040192,"[65, 65]",0.0,"[0.0, 0.0, 0.0, 0.0, 0.0, 0.0, 0.0, 0.0, 0.0, 0.0, 0.0, 0.0, 0.0, 0.0, 0.0, 0.0, 0.0, 0.0, 0.0, 0.0, 0.0, 0.0, 0.0, 0.0, 0.0, 0.0, 0.0, 0.0, 0.0, 0.0, 0.0, 0.0, 0.0, 0.0, 0.0, 0.0, 0.0, 0.0, 0.0, 0.0, 0.0, 0.0, 0.0, 0.0, 0.0, 0.0, 0.0, 0.0, 0.0, 0.0, 0.0, 0.0, 0.0, 0.0, 0.0, 0.0, 0.0, 0.0, 0.0, 0.0, 0.0, 0.0, 0.0, 0.0]",126,1024.0048484802246,"{'compute': 126, 'compute_superposition_state': 0, 'compute_ebs_simultaneously': 0}",126,0,1549524992,5029888,1549524992,5029888,1544495104,9.69209059700006,1188329
manual,"{'n_modes': 8, 'n_photons': 3, 'input_size': 2, 'memristor_count': 2, 'entangling_layers': 2, 'batch_size': 16, 'timesteps': 64, 'k': 32, 'chunk_len': 32, 'seed': 1236, 'device': 'cuda'}",17246208,44040192,28004352,44040192,17115648,44040192,"[65, 65]",0.0,"[0.0, 0.0, 0.0, 0.0, 0.0, 0.0, 0.0, 0.0, 0.0, 0.0, 0.0, 0.0, 0.0, 0.0, 0.0, 0.0, 0.0, 0.0, 0.0, 0.0, 0.0, 0.0, 0.0, 0.0, 0.0, 0.0, 0.0, 0.0, 0.0, 0.0, 0.0, 0.0, 0.0, 0.0, 0.0, 0.0, 0.0, 0.0, 0.0, 0.0, 0.0, 0.0, 0.0, 0.0, 0.0, 0.0, 0.0, 0.0, 0.0, 0.0, 0.0, 0.0, 0.0, 0.0, 0.0, 0.0, 0.0, 0.0, 0.0, 0.0, 0.0, 0.0, 0.0, 0.0]",64,1024.0048446655273,"{'compute': 64, 'compute_superposition_state': 0, 'compute_ebs_simultaneously': 0}",64,0,1549524992,0,1549524992,0,1549524992,4.686441547999493,640078
