api,config,history_lengths,input_grad_norm_sum,input_grad_norms,layer_output_calls,output_checksum,process_calls,process_calls_total,retained_gradient_outputs,rss_end_bytes,rss_end_delta_bytes,rss_peak_bytes,rss_peak_delta_bytes,rss_start_bytes,seconds,tracemalloc_peak_bytes
blackbox,"{'n_modes': 8, 'n_photons': 4, 'input_size': 2, 'memristor_count': 1, 'entangling_layers': 2, 'batch_size': 4, 'timesteps': 16, 'k': 2, 'chunk_len': 2, 'seed': 1234}",[17],0.0,"[0.0, 0.0, 0.0, 0.0, 0.0, 0.0, 0.0, 0.0, 0.0, 0.0, 0.0, 0.0, 0.0, 0.0, 0.0, 0.0]",24,63.999754905700684,"{'compute': 24, 'compute_superposition_state': 0, 'compute_ebs_simultaneously': 0}",24,0,387842048,18354176,387837952,18350080,369487872,2.326046000001952,78056
manual,"{'n_modes': 8, 'n_photons': 4, 'input_size': 2, 'memristor_count': 1, 'entangling_layers': 2, 'batch_size': 4, 'timesteps': 16, 'k': 2, 'chunk_len': 2, 'seed': 1234}",[17],0.0,"[0.0, 0.0, 0.0, 0.0, 0.0, 0.0, 0.0, 0.0, 0.0, 0.0, 0.0, 0.0, 0.0, 0.0, 0.0, 0.0]",16,63.999754905700684,"{'compute': 16, 'compute_superposition_state': 0, 'compute_ebs_simultaneously': 0}",16,0,388648960,352256,388648960,352256,388296704,1.6449179999763146,54445
blackbox,"{'n_modes': 8, 'n_photons': 4, 'input_size': 2, 'memristor_count': 1, 'entangling_layers': 2, 'batch_size': 4, 'timesteps': 16, 'k': 2, 'chunk_len': 2, 'seed': 1235}",[17],0.0,"[0.0, 0.0, 0.0, 0.0, 0.0, 0.0, 0.0, 0.0, 0.0, 0.0, 0.0, 0.0, 0.0, 0.0, 0.0, 0.0]",24,63.99976444244385,"{'compute': 24, 'compute_superposition_state': 0, 'compute_ebs_simultaneously': 0}",24,0,389218304,507904,389283840,573440,388710400,1.3311705999076366,73203
manual,"{'n_modes': 8, 'n_photons': 4, 'input_size': 2, 'memristor_count': 1, 'entangling_layers': 2, 'batch_size': 4, 'timesteps': 16, 'k': 2, 'chunk_len': 2, 'seed': 1235}",[17],0.0,"[0.0, 0.0, 0.0, 0.0, 0.0, 0.0, 0.0, 0.0, 0.0, 0.0, 0.0, 0.0, 0.0, 0.0, 0.0, 0.0]",16,63.99976444244385,"{'compute': 16, 'compute_superposition_state': 0, 'compute_ebs_simultaneously': 0}",16,0,389259264,81920,389267456,90112,389177344,0.9785016999812797,51995
blackbox,"{'n_modes': 8, 'n_photons': 4, 'input_size': 2, 'memristor_count': 1, 'entangling_layers': 2, 'batch_size': 4, 'timesteps': 16, 'k': 2, 'chunk_len': 2, 'seed': 1236}",[17],0.0,"[0.0, 0.0, 0.0, 0.0, 0.0, 0.0, 0.0, 0.0, 0.0, 0.0, 0.0, 0.0, 0.0, 0.0, 0.0, 0.0]",24,63.99975633621216,"{'compute': 24, 'compute_superposition_state': 0, 'compute_ebs_simultaneously': 0}",24,0,389611520,335872,389611520,335872,389275648,1.4375372000504285,73340
manual,"{'n_modes': 8, 'n_photons': 4, 'input_size': 2, 'memristor_count': 1, 'entangling_layers': 2, 'batch_size': 4, 'timesteps': 16, 'k': 2, 'chunk_len': 2, 'seed': 1236}",[17],0.0,"[0.0, 0.0, 0.0, 0.0, 0.0, 0.0, 0.0, 0.0, 0.0, 0.0, 0.0, 0.0, 0.0, 0.0, 0.0, 0.0]",16,63.99975633621216,"{'compute': 16, 'compute_superposition_state': 0, 'compute_ebs_simultaneously': 0}",16,0,388513792,12288,388513792,12288,388501504,1.1893980000168085,54283
blackbox,"{'n_modes': 8, 'n_photons': 4, 'input_size': 2, 'memristor_count': 1, 'entangling_layers': 2, 'batch_size': 4, 'timesteps': 16, 'k': 4, 'chunk_len': 4, 'seed': 1234}",[17],0.0,"[0.0, 0.0, 0.0, 0.0, 0.0, 0.0, 0.0, 0.0, 0.0, 0.0, 0.0, 0.0, 0.0, 0.0, 0.0, 0.0]",28,63.999754905700684,"{'compute': 28, 'compute_superposition_state': 0, 'compute_ebs_simultaneously': 0}",28,0,413011968,24498176,413446144,24932352,388513792,1.6390093000372872,145754
manual,"{'n_modes': 8, 'n_photons': 4, 'input_size': 2, 'memristor_count': 1, 'entangling_layers': 2, 'batch_size': 4, 'timesteps': 16, 'k': 4, 'chunk_len': 4, 'seed': 1234}",[17],0.0,"[0.0, 0.0, 0.0, 0.0, 0.0, 0.0, 0.0, 0.0, 0.0, 0.0, 0.0, 0.0, 0.0, 0.0, 0.0, 0.0]",16,63.999754905700684,"{'compute': 16, 'compute_superposition_state': 0, 'compute_ebs_simultaneously': 0}",16,0,397959168,15327232,397959168,15327232,382631936,1.172032400034368,95076
blackbox,"{'n_modes': 8, 'n_photons': 4, 'input_size': 2, 'memristor_count': 1, 'entangling_layers': 2, 'batch_size': 4, 'timesteps': 16, 'k': 4, 'chunk_len': 4, 'seed': 1235}",[17],0.0,"[0.0, 0.0, 0.0, 0.0, 0.0, 0.0, 0.0, 0.0, 0.0, 0.0, 0.0, 0.0, 0.0, 0.0, 0.0, 0.0]",28,63.99976444244385,"{'compute': 28, 'compute_superposition_state': 0, 'compute_ebs_simultaneously': 0}",28,0,412438528,28418048,412958720,28938240,384020480,1.6542362000327557,147487
manual,"{'n_modes': 8, 'n_photons': 4, 'input_size': 2, 'memristor_count': 1, 'entangling_layers': 2, 'batch_size': 4, 'timesteps': 16, 'k': 4, 'chunk_len': 4, 'seed': 1235}",[17],0.0,"[0.0, 0.0, 0.0, 0.0, 0.0, 0.0, 0.0, 0.0, 0.0, 0.0, 0.0, 0.0, 0.0, 0.0, 0.0, 0.0]",16,63.99976444244385,"{'compute': 16, 'compute_superposition_state': 0, 'compute_ebs_simultaneously': 0}",16,0,398204928,14336000,398204928,14336000,383868928,1.015242199995555,89667
blackbox,"{'n_modes': 8, 'n_photons': 4, 'input_size': 2, 'memristor_count': 1, 'entangling_layers': 2, 'batch_size': 4, 'timesteps': 16, 'k': 4, 'chunk_len': 4, 'seed': 1236}",[17],0.0,"[0.0, 0.0, 0.0, 0.0, 0.0, 0.0, 0.0, 0.0, 0.0, 0.0, 0.0, 0.0, 0.0, 0.0, 0.0, 0.0]",28,63.99975633621216,"{'compute': 28, 'compute_superposition_state': 0, 'compute_ebs_simultaneously': 0}",28,0,410193920,24350720,410648576,24805376,385843200,1.8146965000778437,148370
manual,"{'n_modes': 8, 'n_photons': 4, 'input_size': 2, 'memristor_count': 1, 'entangling_layers': 2, 'batch_size': 4, 'timesteps': 16, 'k': 4, 'chunk_len': 4, 'seed': 1236}",[17],0.0,"[0.0, 0.0, 0.0, 0.0, 0.0, 0.0, 0.0, 0.0, 0.0, 0.0, 0.0, 0.0, 0.0, 0.0, 0.0, 0.0]",16,63.99975633621216,"{'compute': 16, 'compute_superposition_state': 0, 'compute_ebs_simultaneously': 0}",16,0,398155776,13885440,398155776,13885440,384270336,1.6145138000138104,92335
blackbox,"{'n_modes': 8, 'n_photons': 4, 'input_size': 2, 'memristor_count': 1, 'entangling_layers': 2, 'batch_size': 4, 'timesteps': 16, 'k': 8, 'chunk_len': 8, 'seed': 1234}",[17],0.0,"[0.0, 0.0, 0.0, 0.0, 0.0, 0.0, 0.0, 0.0, 0.0, 0.0, 0.0, 0.0, 0.0, 0.0, 0.0, 0.0]",30,63.999754905700684,"{'compute': 30, 'compute_superposition_state': 0, 'compute_ebs_simultaneously': 0}",30,0,447934464,61968384,448278528,62312448,385966080,3.808998699998483,288887
manual,"{'n_modes': 8, 'n_photons': 4, 'input_size': 2, 'memristor_count': 1, 'entangling_layers': 2, 'batch_size': 4, 'timesteps': 16, 'k': 8, 'chunk_len': 8, 'seed': 1234}",[17],0.0,"[0.0, 0.0, 0.0, 0.0, 0.0, 0.0, 0.0, 0.0, 0.0, 0.0, 0.0, 0.0, 0.0, 0.0, 0.0, 0.0]",16,63.999754905700684,"{'compute': 16, 'compute_superposition_state': 0, 'compute_ebs_simultaneously': 0}",16,0,417329152,27914240,417329152,27914240,389414912,1.0136647999752313,160678
blackbox,"{'n_modes': 8, 'n_photons': 4, 'input_size': 2, 'memristor_count': 1, 'entangling_layers': 2, 'batch_size': 4, 'timesteps': 16, 'k': 8, 'chunk_len': 8, 'seed': 1235}",[17],0.0,"[0.0, 0.0, 0.0, 0.0, 0.0, 0.0, 0.0, 0.0, 0.0, 0.0, 0.0, 0.0, 0.0, 0.0, 0.0, 0.0]",30,63.99976444244385,"{'compute': 30, 'compute_superposition_state': 0, 'compute_ebs_simultaneously': 0}",30,0,448106496,45854720,448143360,45891584,402251776,1.7623621999518946,287357
manual,"{'n_modes': 8, 'n_photons': 4, 'input_size': 2, 'memristor_count': 1, 'entangling_layers': 2, 'batch_size': 4, 'timesteps': 16, 'k': 8, 'chunk_len': 8, 'seed': 1235}",[17],0.0,"[0.0, 0.0, 0.0, 0.0, 0.0, 0.0, 0.0, 0.0, 0.0, 0.0, 0.0, 0.0, 0.0, 0.0, 0.0, 0.0]",16,63.99976444244385,"{'compute': 16, 'compute_superposition_state': 0, 'compute_ebs_simultaneously': 0}",16,0,419516416,16523264,419516416,16523264,402993152,1.510609499993734,164572
blackbox,"{'n_modes': 8, 'n_photons': 4, 'input_size': 2, 'memristor_count': 1, 'entangling_layers': 2, 'batch_size': 4, 'timesteps': 16, 'k': 8, 'chunk_len': 8, 'seed': 1236}",[17],0.0,"[0.0, 0.0, 0.0, 0.0, 0.0, 0.0, 0.0, 0.0, 0.0, 0.0, 0.0, 0.0, 0.0, 0.0, 0.0, 0.0]",30,63.99975633621216,"{'compute': 30, 'compute_superposition_state': 0, 'compute_ebs_simultaneously': 0}",30,0,448921600,29528064,448921600,29528064,419393536,2.3835084000602365,288430
manual,"{'n_modes': 8, 'n_photons': 4, 'input_size': 2, 'memristor_count': 1, 'entangling_layers': 2, 'batch_size': 4, 'timesteps': 16, 'k': 8, 'chunk_len': 8, 'seed': 1236}",[17],0.0,"[0.0, 0.0, 0.0, 0.0, 0.0, 0.0, 0.0, 0.0, 0.0, 0.0, 0.0, 0.0, 0.0, 0.0, 0.0, 0.0]",16,63.99975633621216,"{'compute': 16, 'compute_superposition_state': 0, 'compute_ebs_simultaneously': 0}",16,0,420286464,4194304,420577280,4485120,416092160,0.909549800097011,166539
blackbox,"{'n_modes': 8, 'n_photons': 4, 'input_size': 2, 'memristor_count': 1, 'entangling_layers': 2, 'batch_size': 4, 'timesteps': 16, 'k': 12, 'chunk_len': 12, 'seed': 1234}",[17],0.0,"[0.0, 0.0, 0.0, 0.0, 0.0, 0.0, 0.0, 0.0, 0.0, 0.0, 0.0, 0.0, 0.0, 0.0, 0.0, 0.0]",30,63.999754905700684,"{'compute': 30, 'compute_superposition_state': 0, 'compute_ebs_simultaneously': 0}",30,0,448061440,27840512,448061440,27840512,420220928,1.7983539000852033,427915
manual,"{'n_modes': 8, 'n_photons': 4, 'input_size': 2, 'memristor_count': 1, 'entangling_layers': 2, 'batch_size': 4, 'timesteps': 16, 'k': 12, 'chunk_len': 12, 'seed': 1234}",[17],0.0,"[0.0, 0.0, 0.0, 0.0, 0.0, 0.0, 0.0, 0.0, 0.0, 0.0, 0.0, 0.0, 0.0, 0.0, 0.0, 0.0]",16,63.999754905700684,"{'compute': 16, 'compute_superposition_state': 0, 'compute_ebs_simultaneously': 0}",16,0,421535744,2756608,421535744,2756608,418779136,1.1925009000115097,234242
blackbox,"{'n_modes': 8, 'n_photons': 4, 'input_size': 2, 'memristor_count': 1, 'entangling_layers': 2, 'batch_size': 4, 'timesteps': 16, 'k': 12, 'chunk_len': 12, 'seed': 1235}",[17],0.0,"[0.0, 0.0, 0.0, 0.0, 0.0, 0.0, 0.0, 0.0, 0.0, 0.0, 0.0, 0.0, 0.0, 0.0, 0.0, 0.0]",30,63.99976444244385,"{'compute': 30, 'compute_superposition_state': 0, 'compute_ebs_simultaneously': 0}",30,0,448090112,26742784,448090112,26742784,421347328,1.9244399000890553,428594
manual,"{'n_modes': 8, 'n_photons': 4, 'input_size': 2, 'memristor_count': 1, 'entangling_layers': 2, 'batch_size': 4, 'timesteps': 16, 'k': 12, 'chunk_len': 12, 'seed': 1235}",[17],0.0,"[0.0, 0.0, 0.0, 0.0, 0.0, 0.0, 0.0, 0.0, 0.0, 0.0, 0.0, 0.0, 0.0, 0.0, 0.0, 0.0]",16,63.99976444244385,"{'compute': 16, 'compute_superposition_state': 0, 'compute_ebs_simultaneously': 0}",16,0,421306368,2674688,421351424,2719744,418631680,1.2194442000472918,229655
blackbox,"{'n_modes': 8, 'n_photons': 4, 'input_size': 2, 'memristor_count': 1, 'entangling_layers': 2, 'batch_size': 4, 'timesteps': 16, 'k': 12, 'chunk_len': 12, 'seed': 1236}",[17],0.0,"[0.0, 0.0, 0.0, 0.0, 0.0, 0.0, 0.0, 0.0, 0.0, 0.0, 0.0, 0.0, 0.0, 0.0, 0.0, 0.0]",30,63.99975633621216,"{'compute': 30, 'compute_superposition_state': 0, 'compute_ebs_simultaneously': 0}",30,0,448376832,27201536,448376832,27201536,421175296,1.9319003999698907,427436
manual,"{'n_modes': 8, 'n_photons': 4, 'input_size': 2, 'memristor_count': 1, 'entangling_layers': 2, 'batch_size': 4, 'timesteps': 16, 'k': 12, 'chunk_len': 12, 'seed': 1236}",[17],0.0,"[0.0, 0.0, 0.0, 0.0, 0.0, 0.0, 0.0, 0.0, 0.0, 0.0, 0.0, 0.0, 0.0, 0.0, 0.0, 0.0]",16,63.99975633621216,"{'compute': 16, 'compute_superposition_state': 0, 'compute_ebs_simultaneously': 0}",16,0,421695488,2469888,421695488,2469888,419225600,1.1717118000378832,231003
